,filename,label
0,0_2.jpg,0
1,0_20.jpg,0
2,0_25.jpg,0
3,0_32.jpg,0
4,0_39.jpg,56
5,0_5.jpg,0
6,0_73.jpg,55
7,0_79.jpg,41
8,10_2.jpg,34
9,10_20.jpg,10
10,10_25.jpg,10
11,10_32.jpg,10
12,10_39.jpg,10
13,10_5.jpg,25
14,10_73.jpg,10
15,10_79.jpg,13
16,10_87.jpg,10
17,11_2.jpg,23
18,11_20.jpg,55
19,11_25.jpg,13
20,11_32.jpg,41
21,11_39.jpg,14
22,11_5.jpg,62
23,12_2.jpg,32
24,12_20.jpg,34
25,12_25.jpg,61
26,12_32.jpg,52
27,12_39.jpg,64
28,12_5.jpg,12
29,13_2.jpg,13
30,13_20.jpg,48
31,13_25.jpg,13
32,13_32.jpg,13
33,13_39.jpg,53
34,13_5.jpg,10
35,13_73.jpg,13
36,14_2.jpg,14
37,14_20.jpg,14
38,14_25.jpg,14
39,14_32.jpg,14
40,14_39.jpg,44
41,14_5.jpg,14
42,14_73.jpg,14
43,15_2.jpg,15
44,15_20.jpg,15
45,15_25.jpg,15
46,15_32.jpg,15
47,15_39.jpg,10
48,15_5.jpg,10
49,16_2.jpg,16
50,16_20.jpg,53
51,16_25.jpg,62
52,16_32.jpg,16
53,16_5.jpg,25
54,17_2.jpg,38
55,17_25.jpg,36
56,17_32.jpg,27
57,17_5.jpg,30
58,18_2.jpg,18
59,18_20.jpg,18
60,18_25.jpg,18
61,18_32.jpg,44
62,18_39.jpg,18
63,18_5.jpg,18
64,18_73.jpg,18
65,18_79.jpg,18
66,19_2.jpg,4
67,19_20.jpg,19
68,19_25.jpg,6
69,19_32.jpg,48
70,19_39.jpg,60
71,19_5.jpg,28
72,1_2.jpg,1
73,1_20.jpg,1
74,1_25.jpg,7
75,1_32.jpg,1
76,1_39.jpg,1
77,1_5.jpg,1
78,1_79.jpg,1
79,1_87.jpg,1
80,1_98.jpg,1
81,20_2.jpg,20
82,20_20.jpg,63
83,20_25.jpg,48
84,20_32.jpg,45
85,20_5.jpg,31
86,21_2.jpg,55
87,21_20.jpg,0
88,21_25.jpg,21
89,21_32.jpg,21
90,21_39.jpg,50
91,21_5.jpg,54
92,21_73.jpg,61
93,21_79.jpg,21
94,22_2.jpg,22
95,22_20.jpg,22
96,22_25.jpg,22
97,22_32.jpg,22
98,22_39.jpg,22
99,22_5.jpg,22
100,22_73.jpg,22
101,23_2.jpg,44
102,23_20.jpg,48
103,23_25.jpg,23
104,23_32.jpg,38
105,23_5.jpg,44
106,24_2.jpg,61
107,24_32.jpg,50
108,24_5.jpg,61
109,25_2.jpg,30
110,25_20.jpg,10
111,25_25.jpg,25
112,25_32.jpg,25
113,25_39.jpg,25
114,25_5.jpg,25
115,26_2.jpg,61
116,26_20.jpg,42
117,26_25.jpg,30
118,26_32.jpg,42
119,26_5.jpg,61
120,27_2.jpg,1
121,27_20.jpg,5
122,27_25.jpg,27
123,27_32.jpg,27
124,27_39.jpg,1
125,27_5.jpg,27
126,28_2.jpg,41
127,28_20.jpg,28
128,28_25.jpg,28
129,28_32.jpg,6
130,28_39.jpg,28
131,28_49.jpg,28
132,28_5.jpg,28
133,29_2.jpg,29
134,29_20.jpg,29
135,29_25.jpg,29
136,29_32.jpg,29
137,29_39.jpg,29
138,29_5.jpg,29
139,29_73.jpg,29
140,2_2.jpg,0
141,2_20.jpg,26
142,2_25.jpg,18
143,2_32.jpg,29
144,2_39.jpg,41
145,2_5.jpg,62
146,30_2.jpg,42
147,30_20.jpg,30
148,30_25.jpg,5
149,30_32.jpg,30
150,30_39.jpg,30
151,30_5.jpg,30
152,30_73.jpg,30
153,30_79.jpg,10
154,31_2.jpg,1
155,31_20.jpg,53
156,31_25.jpg,63
157,31_32.jpg,6
158,31_39.jpg,31
159,31_5.jpg,0
160,31_73.jpg,31
161,32_2.jpg,32
162,32_20.jpg,32
163,32_25.jpg,32
164,32_32.jpg,32
165,32_39.jpg,32
166,32_5.jpg,12
167,33_2.jpg,61
168,33_5.jpg,47
169,34_2.jpg,3
170,34_20.jpg,58
171,34_25.jpg,34
172,34_32.jpg,47
173,34_39.jpg,34
174,34_49.jpg,8
175,34_5.jpg,34
176,35_2.jpg,39
177,35_25.jpg,61
178,35_32.jpg,14
179,35_5.jpg,21
180,36_2.jpg,61
181,36_20.jpg,36
182,36_25.jpg,36
183,36_32.jpg,56
184,36_39.jpg,61
185,36_5.jpg,28
186,37_2.jpg,56
187,37_20.jpg,27
188,37_25.jpg,56
189,37_32.jpg,0
190,37_5.jpg,60
191,38_2.jpg,18
192,38_20.jpg,38
193,38_25.jpg,38
194,38_32.jpg,10
195,38_39.jpg,61
196,38_5.jpg,30
197,39_2.jpg,48
198,39_20.jpg,39
199,39_25.jpg,39
200,39_32.jpg,39
201,39_39.jpg,7
202,39_5.jpg,63
203,3_2.jpg,3
204,3_20.jpg,36
205,3_25.jpg,3
206,3_32.jpg,13
207,3_39.jpg,13
208,3_5.jpg,13
209,3_73.jpg,53
210,3_79.jpg,53
211,40_2.jpg,43
212,40_25.jpg,61
213,40_5.jpg,12
214,41_2.jpg,10
215,41_20.jpg,50
216,41_25.jpg,10
217,41_32.jpg,62
218,41_39.jpg,50
219,41_5.jpg,4
220,42_2.jpg,61
221,42_20.jpg,42
222,42_25.jpg,30
223,42_32.jpg,42
224,42_39.jpg,30
225,42_5.jpg,42
226,43_2.jpg,5
227,43_20.jpg,61
228,43_25.jpg,5
229,43_32.jpg,43
230,43_5.jpg,0
231,44_2.jpg,44
232,44_20.jpg,38
233,44_25.jpg,22
234,44_32.jpg,44
235,44_39.jpg,44
236,44_5.jpg,44
237,45_2.jpg,48
238,45_20.jpg,3
239,45_25.jpg,6
240,45_32.jpg,13
241,45_5.jpg,47
242,46_2.jpg,22
243,46_20.jpg,46
244,46_25.jpg,30
245,46_32.jpg,61
246,46_5.jpg,9
247,47_2.jpg,27
248,47_20.jpg,47
249,47_25.jpg,39
250,47_32.jpg,47
251,47_39.jpg,47
252,47_5.jpg,1
253,48_2.jpg,38
254,48_20.jpg,48
255,48_25.jpg,53
256,48_32.jpg,7
257,48_39.jpg,23
258,48_5.jpg,5
259,48_73.jpg,20
260,49_2.jpg,61
261,49_25.jpg,6
262,49_32.jpg,30
263,49_5.jpg,14
264,4_2.jpg,4
265,4_20.jpg,4
266,4_25.jpg,55
267,4_32.jpg,47
268,4_39.jpg,53
269,4_5.jpg,62
270,4_79.jpg,4
271,4_87.jpg,4
272,4_98.jpg,4
273,50_2.jpg,38
274,50_20.jpg,50
275,50_25.jpg,50
276,50_32.jpg,50
277,50_39.jpg,50
278,50_5.jpg,50
279,50_73.jpg,50
280,51_2.jpg,61
281,51_20.jpg,30
282,51_25.jpg,61
283,51_32.jpg,30
284,51_5.jpg,42
285,52_2.jpg,52
286,52_20.jpg,29
287,52_25.jpg,13
288,52_32.jpg,53
289,52_39.jpg,18
290,52_5.jpg,61
291,53_2.jpg,18
292,53_20.jpg,53
293,53_25.jpg,53
294,53_32.jpg,63
295,53_39.jpg,53
296,53_5.jpg,53
297,53_73.jpg,16
298,54_2.jpg,54
299,54_20.jpg,54
300,54_25.jpg,54
301,54_32.jpg,54
302,54_39.jpg,54
303,54_5.jpg,54
304,54_79.jpg,54
305,54_87.jpg,54
306,55_2.jpg,0
307,55_20.jpg,55
308,55_25.jpg,5
309,55_32.jpg,5
310,55_39.jpg,55
311,55_5.jpg,6
312,56_2.jpg,56
313,56_20.jpg,36
314,56_25.jpg,27
315,56_32.jpg,44
316,56_39.jpg,56
317,56_5.jpg,56
318,56_73.jpg,56
319,56_79.jpg,56
320,57_2.jpg,5
321,57_20.jpg,60
322,57_25.jpg,30
323,57_32.jpg,50
324,57_5.jpg,56
325,58_2.jpg,39
326,58_20.jpg,34
327,58_25.jpg,34
328,58_32.jpg,34
329,58_5.jpg,34
330,59_2.jpg,3
331,59_20.jpg,53
332,59_25.jpg,10
333,59_32.jpg,21
334,59_5.jpg,18
335,5_2.jpg,1
336,5_20.jpg,5
337,5_25.jpg,5
338,5_32.jpg,5
339,5_39.jpg,5
340,5_5.jpg,5
341,5_73.jpg,44
342,60_2.jpg,48
343,60_20.jpg,60
344,60_25.jpg,0
345,60_32.jpg,61
346,60_39.jpg,60
347,60_5.jpg,28
348,60_73.jpg,60
349,60_79.jpg,60
350,61_2.jpg,61
351,61_20.jpg,61
352,61_25.jpg,61
353,61_32.jpg,61
354,61_39.jpg,5
355,61_5.jpg,61
356,61_73.jpg,61
357,61_79.jpg,61
358,62_2.jpg,55
359,62_20.jpg,62
360,62_25.jpg,55
361,62_32.jpg,10
362,62_39.jpg,62
363,62_5.jpg,1
364,63_2.jpg,12
365,63_20.jpg,48
366,63_25.jpg,63
367,63_32.jpg,63
368,63_39.jpg,63
369,63_5.jpg,63
370,63_73.jpg,63
371,63_79.jpg,37
372,64_2.jpg,64
373,64_25.jpg,1
374,64_32.jpg,30
375,64_5.jpg,64
376,6_2.jpg,44
377,6_20.jpg,63
378,6_25.jpg,6
379,6_32.jpg,39
380,6_39.jpg,46
381,6_5.jpg,28
382,6_73.jpg,55
383,6_79.jpg,44
384,7_2.jpg,7
385,7_20.jpg,7
386,7_25.jpg,7
387,7_32.jpg,7
388,7_39.jpg,7
389,7_5.jpg,54
390,7_73.jpg,47
391,8_2.jpg,8
392,8_20.jpg,15
393,8_25.jpg,8
394,8_32.jpg,8
395,8_39.jpg,8
396,8_5.jpg,8
397,9_2.jpg,9
398,9_20.jpg,9
399,9_25.jpg,9
400,9_32.jpg,5
401,9_39.jpg,9
402,9_5.jpg,9
403,9_79.jpg,9
404,9_87.jpg,9
405,9_98.jpg,9
